,annealing_schedule,archive_minimum_acceptable_dissimilarity,average_runtime,best_performance,bound_enforcing_method,cholesky_path_length,maximum_archive_length,maximum_function_evaluations,maximum_markov_chain_length,mean_performance,objective_function,pertubation_method,raw_results,std_perormance,step_size_initialisation_fraction_of_range,x_bounds,x_length
0,simple_exponential_cooling,0.2,2.551097790400187,-1594.6432364943923,not_clipping,5.0,100.0,10000.0,1.0,-1184.6555494293584,<function rana_func at 0x0000020494B001F0>,Cholesky,"[ -759.27373939 -1281.71580454  -929.7788027   -724.00122071
 -1374.588822   -1228.08436174 -1373.55201835  -989.34032774
 -1090.44742544 -1165.16042687  -803.35341883 -1017.61902223
 -1436.7583179  -1594.64323649 -1076.58382368 -1442.4449136
 -1130.90213282 -1220.12576391 -1333.96513831 -1243.06497911
 -1340.02753883 -1147.54487072 -1169.49571698 -1374.64276299
 -1474.76809847  -998.72643575  -946.93755359 -1146.02514965
 -1279.10243573 -1446.99222379]",217.39571452116235,0.01,"(-500, 500)",5.0
1,simple_exponential_cooling,0.2,1.5292630116144816,-1787.3756629328666,not_clipping,5.0,100.0,10000.0,1.0,-1406.6248822817377,<function rana_func at 0x0000020494B001F0>,Diagonal,"[-1316.15132525 -1111.2679504  -1787.37566293 -1453.2541416
 -1376.78826157 -1620.53461932 -1623.72791778 -1538.46929692
  -978.9026452  -1259.88011005 -1512.09989188 -1060.00577384
 -1516.5413599  -1411.68613196 -1433.24173501 -1368.03515014
 -1119.71699917 -1140.64160379 -1706.07958027 -1687.45102968
 -1260.95341354 -1281.11067007 -1379.07601594 -1669.7065419
 -1351.9941848  -1192.63144671 -1386.94152137 -1606.44338428
 -1661.22343085 -1386.81467231]",207.09385238920592,0.1,"(-500, 500)",5.0
2,simple_exponential_cooling,0.2,1.0286678711573283,-500.2857678765277,not_clipping,5.0,100.0,10000.0,1.0,-462.96710576496497,<function rana_func at 0x0000020494B001F0>,simple,"[-500.28576788 -499.19648095 -499.57277049 -456.47360732 -391.61784606
 -496.24327228 -465.81645872 -499.14363233 -411.65174833 -417.33733456
 -427.9174338  -499.68161749 -465.85413419 -439.06481408 -456.16032815
 -430.88781868 -461.26102083 -456.04628216 -499.59973346 -461.13170388
 -499.70389488 -481.31596183 -496.86441594 -391.95212154 -456.00318605
 -455.93325897 -481.30011578 -499.86729759 -480.47038778 -410.65872694]",33.991123827077644,0.1,"(-500, 500)",2.0
3,simple_exponential_cooling,0.2,2.5918818871180216,-1594.6432364943923,not_clipping,5.0,100.0,10000.0,1.0,-1184.6555494293584,<function rana_func at 0x0000020494B001F0>,Cholesky,"[ -759.27373939 -1281.71580454  -929.7788027   -724.00122071
 -1374.588822   -1228.08436174 -1373.55201835  -989.34032774
 -1090.44742544 -1165.16042687  -803.35341883 -1017.61902223
 -1436.7583179  -1594.64323649 -1076.58382368 -1442.4449136
 -1130.90213282 -1220.12576391 -1333.96513831 -1243.06497911
 -1340.02753883 -1147.54487072 -1169.49571698 -1374.64276299
 -1474.76809847  -998.72643575  -946.93755359 -1146.02514965
 -1279.10243573 -1446.99222379]",217.39571452116235,0.01,"(-500, 500)",5.0
4,simple_exponential_cooling,0.2,1.5071189244588217,-1787.3756629328666,not_clipping,5.0,100.0,10000.0,1.0,-1406.6248822817377,<function rana_func at 0x0000020494B001F0>,Diagonal,"[-1316.15132525 -1111.2679504  -1787.37566293 -1453.2541416
 -1376.78826157 -1620.53461932 -1623.72791778 -1538.46929692
  -978.9026452  -1259.88011005 -1512.09989188 -1060.00577384
 -1516.5413599  -1411.68613196 -1433.24173501 -1368.03515014
 -1119.71699917 -1140.64160379 -1706.07958027 -1687.45102968
 -1260.95341354 -1281.11067007 -1379.07601594 -1669.7065419
 -1351.9941848  -1192.63144671 -1386.94152137 -1606.44338428
 -1661.22343085 -1386.81467231]",207.09385238920592,0.1,"(-500, 500)",5.0
5,simple_exponential_cooling,0.2,0.9021581888198853,-500.2857678765277,not_clipping,5.0,100.0,10000.0,1.0,-462.96710576496497,<function rana_func at 0x0000020494B001F0>,simple,"[-500.28576788 -499.19648095 -499.57277049 -456.47360732 -391.61784606
 -496.24327228 -465.81645872 -499.14363233 -411.65174833 -417.33733456
 -427.9174338  -499.68161749 -465.85413419 -439.06481408 -456.16032815
 -430.88781868 -461.26102083 -456.04628216 -499.59973346 -461.13170388
 -499.70389488 -481.31596183 -496.86441594 -391.95212154 -456.00318605
 -455.93325897 -481.30011578 -499.86729759 -480.47038778 -410.65872694]",33.991123827077644,0.1,"(-500, 500)",2.0
6,simple_exponential_cooling,0.2,2.5549999396006267,-1707.7371991949515,not_clipping,5.0,100.0,10000.0,2.0,-1206.0713494568927,<function rana_func at 0x0000020494B001F0>,Cholesky,"[ -625.46186272 -1060.45468403 -1136.25767502  -743.43770621
 -1166.62198417 -1333.36978307 -1279.33430636 -1114.18086991
 -1213.98862313 -1162.33264337 -1166.77259682  -723.35531817
 -1442.07497672 -1489.78150544 -1442.07484539 -1376.80650403
 -1216.63407943 -1169.04268014 -1365.50905166  -927.6591994
 -1274.38194811 -1218.89066747 -1190.80077938 -1296.82441652
 -1603.45799635 -1136.10908746 -1707.73719919 -1284.52600609
  -839.57927894 -1474.682209  ]",245.7084554345398,0.01,"(-500, 500)",5.0
7,simple_exponential_cooling,0.2,1.4691317160924275,-1863.625757787201,not_clipping,5.0,100.0,10000.0,2.0,-1376.0633256315969,<function rana_func at 0x0000020494B001F0>,Diagonal,"[-1334.00622398 -1487.22153004 -1323.87593483 -1510.27335959
 -1351.36735976 -1581.87004534 -1645.11812177 -1573.84625036
 -1547.52307137  -910.47584818 -1265.6951495  -1171.99242184
 -1477.26590242 -1133.48355397 -1258.64800439 -1350.96748424
 -1443.84776545 -1335.90214983 -1611.61975045  -988.63862755
 -1504.27914884 -1430.27910792 -1241.92899972 -1669.72880408
 -1100.52481222 -1305.98311987 -1386.9450705  -1267.61373203
 -1863.62575779 -1207.35266113]",205.5180648445705,0.1,"(-500, 500)",5.0
8,simple_exponential_cooling,0.2,0.9205522696177165,-499.0990321725434,not_clipping,5.0,100.0,10000.0,2.0,-467.63705896508117,<function rana_func at 0x0000020494B001F0>,simple,"[-497.592191   -480.48654318 -416.41495299 -456.07112559 -451.13705739
 -437.9166211  -495.40841232 -488.21754881 -437.71459823 -456.48242287
 -496.52279571 -455.89336948 -442.12180044 -451.30677684 -481.53820878
 -495.64401433 -461.15948884 -496.56999248 -433.70209636 -497.4321965
 -480.26080655 -498.59517208 -481.52865454 -497.95173548 -499.09903217
 -434.55420084 -460.93234599 -455.67333852 -480.52554259 -410.65872694]",26.38866835844161,0.1,"(-500, 500)",2.0
9,simple_exponential_cooling,0.2,2.598480757077535,-1536.2986414681723,not_clipping,5.0,100.0,10000.0,3.0,-1250.9199338003248,<function rana_func at 0x0000020494B001F0>,Cholesky,"[-1080.30279927 -1165.86682319  -951.48824771 -1248.07382328
 -1122.00582368 -1348.64917756 -1453.64494133 -1149.49881268
 -1359.44670534 -1267.27619098 -1170.42350842 -1246.08842497
 -1212.46050171 -1380.51947135 -1220.75776013 -1278.86384208
 -1035.32739364 -1004.92139898 -1345.12249116 -1407.6029011
 -1101.87461483 -1536.29864147 -1256.63121504 -1310.73251772
 -1427.81824807 -1163.53299954 -1412.53347168 -1110.00625945
 -1245.82327706 -1514.0057306 ]",146.50478564272942,0.01,"(-500, 500)",5.0
10,simple_exponential_cooling,0.2,1.5074743270874023,-1811.486956498196,not_clipping,5.0,100.0,10000.0,3.0,-1392.693163164176,<function rana_func at 0x0000020494B001F0>,Diagonal,"[-1304.97945824 -1468.53003219 -1811.4869565  -1735.21634008
 -1685.55353118 -1491.50900372 -1628.36218995 -1632.21474418
 -1526.50046301 -1356.03383465 -1476.30685735  -929.23564547
 -1237.99832706 -1359.39381131 -1434.69125125  -933.9310011
 -1155.80279076 -1252.3626106  -1106.94149804 -1169.22708108
 -1421.50134605 -1300.35293076 -1360.77253065 -1495.02813307
 -1450.29587417 -1535.14539422 -1408.14721757 -1438.82939127
  -926.74187009 -1747.70277934]",230.23648716841092,0.1,"(-500, 500)",5.0
11,simple_exponential_cooling,0.2,0.9021938006083171,-499.9231881986066,not_clipping,5.0,100.0,10000.0,3.0,-468.2772074801789,<function rana_func at 0x0000020494B001F0>,simple,"[-495.45864231 -498.48177013 -451.18900132 -455.62654045 -455.58816577
 -391.88047307 -481.40523565 -499.82191009 -433.9500418  -481.63092227
 -496.79622614 -499.9231882  -451.01321522 -495.1414151  -465.55204455
 -420.26974188 -461.23699925 -481.01438488 -433.70209636 -495.57537039
 -467.24151054 -481.31596183 -499.71883329 -498.50384855 -450.22024349
 -496.70156964 -493.54425064 -407.88133091 -447.06276492 -460.86852577]",29.395119625961346,0.1,"(-500, 500)",2.0
12,simple_exponential_cooling,0.2,2.5582480430603027,-1799.093393633509,not_clipping,5.0,100.0,10000.0,4.0,-1306.9263163642013,<function rana_func at 0x0000020494B001F0>,Cholesky,"[-1267.43989611 -1243.28825584  -960.86128628 -1020.36103032
 -1042.95332901 -1259.88932897 -1340.77725383 -1361.18359428
 -1125.70643736 -1291.73245675 -1004.99330255 -1135.51547877
 -1799.09339363 -1434.20948129 -1343.43253887 -1326.40225793
  -994.53844257 -1252.25623689 -1277.11575495 -1356.76440738
 -1610.29839699 -1544.68291799 -1442.8213597  -1703.17572574
 -1432.47708392 -1204.02594512 -1413.53521723 -1096.38772595
 -1410.56440303 -1511.30655167]",204.92101963912555,0.01,"(-500, 500)",5.0
13,simple_exponential_cooling,0.2,1.4888583978017171,-1556.838932171617,not_clipping,5.0,100.0,10000.0,4.0,-1304.845088158988,<function rana_func at 0x0000020494B001F0>,Diagonal,"[-1409.55383055 -1556.83893217 -1446.31113818 -1202.77476503
 -1149.64548332 -1255.48923833 -1336.64750358 -1506.75719314
 -1287.24975713 -1356.0336504  -1167.07510217 -1099.03096555
 -1508.24400482 -1310.94070116 -1120.7718705  -1216.66378657
 -1155.80347411 -1098.32478826 -1137.55084662 -1284.40941704
 -1090.22852327 -1389.56260605 -1136.60440183 -1498.78907241
 -1000.44604743 -1486.01140152 -1382.153254   -1539.23638041
 -1470.13933626 -1546.06517296]",163.7952354520907,0.1,"(-500, 500)",5.0
14,simple_exponential_cooling,0.2,0.8970219691594442,-499.3503910324907,not_clipping,5.0,100.0,10000.0,4.0,-462.71070562404105,<function rana_func at 0x0000020494B001F0>,simple,"[-393.36454287 -498.56445321 -465.57943355 -480.44618177 -455.80480415
 -497.93159412 -481.40523565 -488.21754881 -496.82410379 -480.82513974
 -417.0299523  -399.29611537 -480.50109548 -496.80922083 -451.17054212
 -495.93873064 -461.20537023 -499.35039103 -451.20375619 -409.53910453
 -467.24151054 -497.43624467 -461.08039978 -460.67121906 -455.93944215
 -468.80113017 -391.65580252 -461.46691635 -498.99886222 -417.02232489]",33.21497921638106,0.1,"(-500, 500)",2.0
15,simple_exponential_cooling,0.2,2.5851213216781614,-1780.1303071721686,not_clipping,5.0,100.0,10000.0,7.0,-1337.129601386413,<function rana_func at 0x0000020494B001F0>,Cholesky,"[-1319.19061694 -1303.16336914 -1274.85338102  -937.67725415
 -1585.416119   -1581.6310935  -1419.61454437 -1339.95907294
 -1144.72049693 -1266.31523596 -1780.13030717 -1199.0774061
 -1033.69583662 -1380.51947135 -1528.94446162 -1144.60771549
 -1323.32585581 -1473.96880863  -940.16229272 -1363.36213736
 -1561.08262706 -1183.04118225 -1676.85414967 -1305.0789309
 -1328.21750108 -1101.07412983 -1517.24759749 -1227.69440152
 -1778.54832486 -1094.71372011]",219.06409362840236,0.01,"(-500, 500)",5.0
16,simple_exponential_cooling,0.2,1.493122903505961,-1845.020932390317,not_clipping,5.0,100.0,10000.0,7.0,-1482.991727541849,<function rana_func at 0x0000020494B001F0>,Diagonal,"[-1518.46443751 -1630.18401905 -1630.12677874 -1157.53056551
 -1221.93222915 -1227.00011012 -1609.24837339 -1540.71657435
 -1480.59379349 -1496.77379082 -1360.74260663 -1371.39978609
 -1667.02878475 -1507.66476146 -1393.25308087 -1245.32729623
 -1550.4921564  -1402.17557038 -1845.02093239 -1312.77911871
 -1665.34692807 -1708.54798395 -1664.54687215 -1630.86485819
 -1303.41330625 -1325.39532947 -1520.36074928 -1524.63111943
 -1690.68628954 -1287.50362384]",171.43649085644972,0.1,"(-500, 500)",5.0
17,simple_exponential_cooling,0.2,0.923330823580424,-500.01088179844874,not_clipping,5.0,100.0,10000.0,7.0,-477.7950359861371,<function rana_func at 0x0000020494B001F0>,simple,"[-496.56998542 -465.79739617 -438.98347841 -499.27233284 -481.50391604
 -432.19933406 -500.0108818  -488.21754881 -465.78419878 -438.59964873
 -456.21134799 -497.95931575 -468.99133629 -422.83990716 -467.64393068
 -491.27830613 -465.64842549 -481.48161389 -495.27687213 -499.38380551
 -497.72805658 -498.29154037 -492.81519176 -496.0050664  -466.61316889
 -464.90268503 -497.94878312 -497.73401885 -468.62770004 -499.53128646]",22.400377877802136,0.1,"(-500, 500)",2.0
18,simple_exponential_cooling,0.2,2.6624987443288166,-1695.349148495079,not_clipping,5.0,100.0,10000.0,11.0,-1391.9931667205253,<function rana_func at 0x0000020494B001F0>,Cholesky,"[-1547.49044017 -1651.30670468 -1303.08935135 -1285.96186005
 -1612.3488497  -1593.46021612 -1385.39604986 -1590.39683965
 -1539.34865322 -1384.05821262 -1492.31151263 -1190.69076257
 -1475.26797273 -1422.52500949 -1130.62984303 -1297.96968795
 -1206.87622676 -1658.4446857  -1509.19055403 -1386.11203309
 -1427.59884726 -1339.09263837 -1074.36858241 -1128.74840069
 -1305.02888912 -1020.0746671  -1493.16210368 -1695.3491485
 -1518.78253898 -1094.71372011]",186.40318270350997,0.01,"(-500, 500)",5.0
19,simple_exponential_cooling,0.2,1.5807646671930948,-1785.2965477326588,not_clipping,5.0,100.0,10000.0,11.0,-1421.1023249243333,<function rana_func at 0x0000020494B001F0>,Diagonal,"[-1656.55944693 -1100.81079984 -1713.63020169 -1572.1543486
 -1037.26747941 -1631.11043712 -1357.50287273 -1365.56074463
 -1407.62858543 -1239.11829759 -1583.50217384 -1005.87649368
 -1379.89324098 -1425.44846844 -1675.75208374 -1546.69194252
 -1264.41752071 -1114.7863778  -1045.45341317 -1263.34253695
 -1507.55361809 -1306.59229318 -1650.67063219 -1498.78907241
 -1607.00611853 -1503.82792151 -1557.07646943 -1238.93150362
 -1785.29654773 -1590.81810522]",215.84125771174612,0.1,"(-500, 500)",5.0
20,simple_exponential_cooling,0.2,0.9746874650319417,-500.73586893905326,not_clipping,5.0,100.0,10000.0,11.0,-488.198431127344,<function rana_func at 0x0000020494B001F0>,simple,"[-498.05775793 -494.140557   -484.58891486 -496.42421863 -481.73406667
 -496.5079416  -496.01035201 -500.73586894 -499.74114168 -454.27889938
 -500.32776535 -463.77141357 -456.72215888 -484.43087366 -498.70292561
 -451.30945918 -481.45437116 -499.83123603 -494.80884786 -499.63689736
 -497.45515256 -500.11974869 -499.98024864 -499.66953816 -441.93748355
 -498.65927027 -499.57989551 -495.94940238 -480.43733046 -498.94919623]",16.846752981871763,0.1,"(-500, 500)",2.0
21,simple_exponential_cooling,0.2,2.694282078742981,-1635.028174267587,not_clipping,5.0,100.0,10000.0,16.0,-1329.3554094513966,<function rana_func at 0x0000020494B001F0>,Cholesky,"[-1435.02581339 -1329.24231892 -1404.72224912 -1329.8654842
 -1447.91932654 -1290.96397289 -1149.3839224  -1256.13135588
 -1494.32029095 -1452.27274192 -1200.25731464 -1248.70252734
 -1046.71115963 -1380.51947135 -1374.34883068 -1144.60884948
 -1228.01232844 -1180.80457661 -1208.66951885 -1635.02817427
 -1429.82645813 -1429.31929823 -1181.23956756 -1249.07052534
 -1312.95033591 -1433.39275462 -1211.5529157  -1534.17243519
 -1495.80525894 -1365.82250643]",134.04596221347032,0.01,"(-500, 500)",5.0
22,simple_exponential_cooling,0.2,1.6529800812403361,-1876.005594580438,not_clipping,5.0,100.0,10000.0,16.0,-1477.8259038235494,<function rana_func at 0x0000020494B001F0>,Diagonal,"[-1482.68282133 -1015.32238576 -1726.61916879 -1876.00559458
 -1100.76256657 -1608.87275533 -1781.76528146 -1828.43849231
 -1520.68819274 -1305.1813099  -1414.30264615 -1552.44961665
 -1329.97654043 -1425.46461978 -1573.26150499  -890.49102196
 -1515.52681232 -1338.39201206 -1476.10254451 -1689.8424619
 -1292.54631907  -889.63030996 -1430.22150242 -1498.78907241
 -1544.99745548 -1675.38768997 -1578.52876859 -1801.66144322
 -1545.13884182 -1625.72736224]",249.1813032293266,0.1,"(-500, 500)",5.0
23,simple_exponential_cooling,0.2,0.9896882375081381,-500.39318122627947,not_clipping,5.0,100.0,10000.0,16.0,-485.0769999671327,<function rana_func at 0x0000020494B001F0>,simple,"[-480.91937392 -499.43349294 -491.57882022 -481.73379654 -495.9932684
 -465.81436711 -500.39318123 -499.44365764 -485.94630676 -447.84577551
 -496.33263323 -468.18351652 -490.79292079 -452.77712703 -480.54618078
 -498.39706052 -482.11196421 -498.87098589 -487.75446343 -456.39614053
 -499.45092891 -481.31596183 -461.21715394 -478.47221499 -498.9086895
 -481.30105951 -498.92093239 -492.47743543 -499.76111325 -499.21947605]",15.28733036206384,0.1,"(-500, 500)",2.0
24,simple_exponential_cooling,0.2,2.7497960964838666,-1799.3186041525946,not_clipping,5.0,100.0,10000.0,24.0,-1434.7033751533968,<function rana_func at 0x0000020494B001F0>,Cholesky,"[-1420.08963103 -1272.21313478  -990.55640569 -1229.16850567
 -1356.26900319 -1245.65528731 -1799.31860415 -1616.59112063
 -1471.63468269 -1462.304168   -1248.99785589 -1534.76096805
 -1444.1137589  -1678.44699801 -1309.37929756 -1604.75064075
 -1715.07107001 -1354.26845188 -1403.69276187 -1599.75028078
 -1665.51756242 -1635.24022509 -1382.97519863 -1360.70088503
 -1383.94936062 -1324.39710893 -1228.10453672 -1435.8526903
 -1272.48651768 -1594.84454234]",177.86694363967845,0.01,"(-500, 500)",5.0
25,simple_exponential_cooling,0.2,1.7115617275238038,-1883.2381945235659,not_clipping,5.0,100.0,10000.0,24.0,-1445.5103397930375,<function rana_func at 0x0000020494B001F0>,Diagonal,"[-1403.98312592 -1099.21217235 -1275.75159095 -1653.097798
 -1225.22842901 -1817.33140073 -1883.23819452 -1516.40467267
 -1805.3687926  -1826.65394662 -1337.7359358  -1563.77333161
 -1437.81942702 -1738.71240602 -1481.54947106 -1336.10608669
 -1012.17430498 -1098.32478826 -1441.78316712 -1612.84213564
 -1154.86738671 -1173.15966307 -1358.00587987 -1498.78907241
 -1544.99427837 -1599.49055469 -1098.93555024 -1522.03097837
 -1467.61438472 -1380.33126779]",234.26608200755436,0.1,"(-500, 500)",5.0
26,simple_exponential_cooling,0.2,1.0358988523483277,-500.76814463666955,not_clipping,5.0,100.0,10000.0,24.0,-493.73947511016615,<function rana_func at 0x0000020494B001F0>,simple,"[-500.76814464 -490.34232411 -498.72504582 -499.14709805 -481.68076323
 -495.72265212 -488.64518974 -498.98698576 -481.12963685 -494.847465
 -495.26723342 -497.70237855 -497.95471408 -499.06576418 -476.83321253
 -499.66171155 -480.59903192 -480.48689364 -494.91588188 -498.56309846
 -497.69002081 -481.31596183 -495.63833569 -497.37310778 -499.66477502
 -497.83080072 -497.76832085 -498.12925583 -498.1004219  -497.62802735]",7.174916383829519,0.1,"(-500, 500)",2.0
27,simple_exponential_cooling,0.2,2.885208590825399,-1769.854327140233,not_clipping,5.0,100.0,10000.0,36.0,-1412.0990930165024,<function rana_func at 0x0000020494B001F0>,Cholesky,"[-1282.89174576 -1180.8728901  -1455.85012953 -1416.45100248
 -1216.18320551 -1587.72220018 -1254.87722519 -1562.03187821
 -1321.82475586 -1445.91020334 -1471.90554881 -1460.96973681
 -1515.86037717 -1408.74036036 -1158.91262656 -1517.49930613
 -1275.28733729 -1612.53205487 -1454.62090841 -1595.66429198
 -1769.85432714 -1445.71011099 -1208.54017643 -1347.69690071
 -1534.39493761 -1479.66669157 -1295.76068571 -1381.94506206
 -1223.41479737 -1479.38131637]",145.25357536294234,0.01,"(-500, 500)",5.0
28,simple_exponential_cooling,0.2,1.8329660256703695,-1791.8324035195947,not_clipping,5.0,100.0,10000.0,36.0,-1413.8390522487607,<function rana_func at 0x0000020494B001F0>,Diagonal,"[-1478.85532246 -1030.29604539 -1588.55552781 -1068.98630109
 -1791.83240352 -1431.36420713 -1593.54342959 -1182.05595285
 -1520.85248619 -1019.69121066 -1479.37530148 -1220.54584047
 -1442.80479869 -1192.68626907 -1110.90781385 -1340.63967159
 -1459.63473099 -1239.84236932 -1520.35829093 -1618.00853059
 -1621.97693474 -1390.2532106  -1703.76498756 -1498.78907241
 -1482.13184696 -1590.97123512 -1344.01965931 -1524.36313212
 -1573.92091648 -1354.14406849]",199.0137412142268,0.1,"(-500, 500)",5.0
29,simple_exponential_cooling,0.2,1.1165027618408203,-500.32180555754053,not_clipping,5.0,100.0,10000.0,36.0,-494.20313257316883,<function rana_func at 0x0000020494B001F0>,simple,"[-495.54676374 -460.73969401 -497.97773238 -498.71841751 -497.5204152
 -485.30758436 -494.19572363 -496.58323281 -497.14435892 -499.86221798
 -497.30474269 -493.8709181  -496.64770773 -496.73790201 -498.59433887
 -488.91863678 -499.60023665 -492.47666648 -496.55116285 -496.10105619
 -496.85077638 -498.64098973 -495.89458567 -499.71392686 -494.57223366
 -473.60422713 -496.19939781 -493.19719053 -500.32180556 -496.69933495]",8.033959390801192,0.1,"(-500, 500)",2.0
30,simple_exponential_cooling,0.2,3.1101891438166303,-1722.6940003705176,not_clipping,5.0,100.0,10000.0,54.0,-1434.7317434162358,<function rana_func at 0x0000020494B001F0>,Cholesky,"[-1260.77682952 -1450.03339086 -1122.45149985 -1588.98223085
 -1618.02644826 -1356.48812829 -1227.98567157 -1414.15858533
 -1370.07386573 -1490.79938635 -1571.34721888 -1391.0555904
 -1291.79494072 -1380.51947135 -1359.0109194  -1599.63457203
 -1422.23810317 -1722.69400037 -1202.94391456 -1612.22229004
 -1708.894636   -1310.11827754 -1610.67441234 -1422.87275401
 -1293.91716854 -1452.48299083 -1400.42857795 -1675.97730597
 -1288.54732204 -1424.80179974]",153.83654769811892,0.01,"(-500, 500)",5.0
31,simple_exponential_cooling,0.2,2.1177815357844034,-1832.5272067981646,not_clipping,5.0,100.0,10000.0,54.0,-1438.7528783145215,<function rana_func at 0x0000020494B001F0>,Diagonal,"[-1415.66650542 -1193.85518518 -1319.83252597 -1340.93663072
 -1832.5272068  -1807.17110659 -1375.68320402 -1664.27682274
 -1520.99644412 -1612.69246098 -1122.32847748 -1249.32047997
 -1384.17329977 -1225.45251904 -1110.90781385 -1667.79503836
 -1253.68610174 -1739.42221741 -1369.52074395 -1626.09187946
 -1372.55370625 -1359.72184543 -1769.71809547 -1498.78907241
 -1438.58551293 -1556.52408057 -1224.43305644 -1339.11688823
 -1338.01801741 -1432.78941075]",198.28585819030653,0.1,"(-500, 500)",5.0
32,simple_exponential_cooling,0.2,1.292412241299947,-500.60822446365154,not_clipping,5.0,100.0,10000.0,54.0,-493.87653332250994,<function rana_func at 0x0000020494B001F0>,simple,"[-500.60822446 -497.19214628 -498.43462662 -496.7921259  -478.0752602
 -496.65668875 -499.52895715 -492.95225531 -499.25611088 -499.34660157
 -496.95175377 -496.47334787 -484.61287608 -492.47377412 -496.86214848
 -491.16993463 -492.25563056 -500.18707648 -492.83812923 -498.70448235
 -495.27275896 -497.42613395 -481.58816373 -481.68470805 -490.5055626
 -489.6278956  -499.58780324 -493.08413484 -500.59341002 -485.55327801]",6.090893163795201,0.1,"(-500, 500)",2.0
33,simple_exponential_cooling,0.2,3.4770072142283124,-1820.2238532927438,not_clipping,5.0,100.0,10000.0,81.0,-1472.0747194929745,<function rana_func at 0x0000020494B001F0>,Cholesky,"[-1400.99942227 -1396.12008769 -1383.25666166 -1538.3797329
 -1255.99851142 -1628.62869186 -1335.92517158 -1820.22385329
 -1397.96007319 -1392.6401003  -1457.01898997 -1531.05721396
 -1812.7269543  -1422.13942525 -1200.70546347 -1704.11537904
 -1297.64456512 -1537.19076852 -1386.78068201 -1449.90336076
 -1412.73834283 -1524.04158778 -1509.4994124  -1323.4998841
 -1758.41104047 -1602.66469082 -1368.58397221 -1388.05383509
 -1354.24809101 -1571.0856195 ]",153.6452498743891,0.01,"(-500, 500)",5.0
34,simple_exponential_cooling,0.2,2.390800627072652,-1847.9216891451904,not_clipping,5.0,100.0,10000.0,81.0,-1511.8184587661135,<function rana_func at 0x0000020494B001F0>,Diagonal,"[-1847.92168915 -1358.40092041 -1450.03113027 -1505.47142534
 -1578.99631817 -1699.47883333 -1619.68274591 -1671.30218205
 -1813.71528516 -1298.46792014 -1528.06498806 -1249.32047997
 -1322.56350202 -1686.1936292  -1454.81484233 -1548.45311675
 -1177.21506585 -1842.14558523 -1145.16303699 -1345.60463263
 -1314.30936075 -1627.21808825 -1752.70156284 -1707.12094171
 -1673.41689196 -1515.84038264 -1562.65706988 -1306.62881716
 -1340.15163429 -1411.50168456]",194.57544540361448,0.1,"(-500, 500)",5.0
35,simple_exponential_cooling,0.2,1.5738651116689046,-500.5500944500419,not_clipping,5.0,100.0,10000.0,81.0,-495.81934061621155,<function rana_func at 0x0000020494B001F0>,simple,"[-496.6483924  -500.4680583  -495.19126194 -495.73018326 -500.23642285
 -491.91282743 -495.14587626 -498.43191768 -493.86646608 -496.55300569
 -496.52341479 -493.35746346 -483.12482567 -498.43935802 -497.19200968
 -498.10084214 -498.48371376 -500.55009445 -498.21155829 -493.48922946
 -498.45582539 -499.26064493 -495.98115428 -499.99034951 -489.18274565
 -496.82003521 -485.43292343 -497.5714705  -492.34550315 -497.88264483]",4.082199008214536,0.1,"(-500, 500)",2.0
36,simple_exponential_cooling,0.2,3.7419816970825197,-1821.7955086876773,not_clipping,5.0,100.0,10000.0,121.0,-1507.1489526158557,<function rana_func at 0x0000020494B001F0>,Cholesky,"[-1636.75524715 -1410.67422512 -1410.17381097 -1332.13366017
 -1517.85397763 -1299.96928573 -1485.4830975  -1421.70393173
 -1669.24140264 -1660.06340246 -1275.60832154 -1339.14113815
 -1346.73130539 -1661.23847926 -1651.57192293 -1634.46227702
 -1726.24064868 -1528.92139878 -1357.05297652 -1394.0971487
 -1529.43131212 -1560.51298565 -1413.42145763 -1407.03341995
 -1821.79550869 -1603.58421199 -1582.86732735 -1760.67297942
 -1379.64686377 -1396.38485383]",146.94203241886416,0.01,"(-500, 500)",5.0
37,simple_exponential_cooling,0.2,2.7558042208353677,-1890.081687688757,not_clipping,5.0,100.0,10000.0,121.0,-1471.9208038326422,<function rana_func at 0x0000020494B001F0>,Diagonal,"[-1312.68025213 -1196.36172683 -1434.65816656 -1629.95016201
 -1259.91383209 -1374.13495132 -1323.31531328 -1338.5812586
 -1694.64432655 -1103.79684126 -1548.23407306 -1532.37169486
 -1348.04112382 -1362.18713095 -1378.39042378 -1890.08168769
 -1475.89941543 -1237.15016903 -1308.19225435 -1345.57080392
 -1628.98753377 -1650.60232021 -1619.95179977 -1498.78907241
 -1482.84803641 -1616.29707234 -1676.70416283 -1624.05342769
 -1499.86048609 -1765.37459596]",180.52646509948443,0.1,"(-500, 500)",5.0
38,simple_exponential_cooling,0.2,1.984185846646627,-500.306691687596,not_clipping,5.0,100.0,10000.0,121.0,-493.99641391550136,<function rana_func at 0x0000020494B001F0>,simple,"[-497.23457612 -498.03399424 -490.53426751 -498.38070512 -498.13750135
 -498.16772605 -491.38064082 -498.72797815 -492.79524557 -497.99673354
 -492.24064501 -490.23728926 -498.49148149 -500.22855137 -494.02542284
 -497.2707028  -497.0215893  -500.30669169 -480.82793624 -490.99364027
 -494.24086512 -498.67257746 -487.67096216 -487.09896307 -491.58715033
 -481.89927442 -495.40857904 -486.07675799 -494.66544224 -499.53852688]",5.2125905437346844,0.1,"(-500, 500)",2.0
39,simple_exponential_cooling,0.2,4.05412905216217,-1866.4207326830665,not_clipping,5.0,100.0,10000.0,181.0,-1522.5866320410905,<function rana_func at 0x0000020494B001F0>,Cholesky,"[-1341.0911991  -1491.98924779 -1499.46740673 -1417.18848278
 -1373.92244376 -1576.91954741 -1640.81954969 -1730.79199828
 -1490.28517755 -1602.7497633  -1275.60832154 -1422.96839007
 -1797.6991094  -1392.55851963 -1866.42073268 -1677.69057961
 -1561.19489735 -1452.73264027 -1604.04425294 -1387.24177471
 -1352.34968261 -1521.55293065 -1507.72435839 -1585.15096453
 -1782.3096601  -1385.97358391 -1335.55906639 -1507.07874826
 -1620.9080322  -1475.6078996 ]",145.92466865746795,0.01,"(-500, 500)",5.0
40,simple_exponential_cooling,0.2,3.407675798734029,-1836.3151320016739,not_clipping,5.0,100.0,10000.0,181.0,-1522.1647565684686,<function rana_func at 0x0000020494B001F0>,Diagonal,"[-1836.315132   -1424.94552868 -1411.81214685 -1477.81119094
 -1521.20188788 -1507.67214286 -1534.00876059 -1396.78459862
 -1666.95074342 -1449.07980839 -1353.32330838 -1522.7347289
 -1374.4305591  -1740.17763906 -1356.18743573 -1694.33471103
 -1457.45402167 -1541.56295095 -1648.79911703 -1345.56358927
 -1408.39008654 -1794.00204856 -1689.8580856  -1498.78907241
 -1591.65844658 -1647.00594433 -1340.8149283  -1511.27650941
 -1265.25998085 -1656.73759312]",144.28480110315587,0.1,"(-500, 500)",5.0
41,simple_exponential_cooling,0.2,2.813427996635437,-498.8278436584258,not_clipping,5.0,100.0,10000.0,181.0,-493.18924184075576,<function rana_func at 0x0000020494B001F0>,simple,"[-497.00308485 -486.14382408 -493.54404773 -497.56386799 -498.13750135
 -494.2241026  -491.32188977 -494.79541097 -487.99600314 -483.79696237
 -492.91032869 -490.64433317 -498.82784366 -497.27585971 -498.72059961
 -487.87141868 -489.43003607 -493.71231928 -498.3933755  -496.80801566
 -483.3622179  -495.08145239 -488.58941521 -493.519045   -491.09975029
 -490.3533776  -498.45245736 -497.8169053  -497.38067924 -490.90113007]",4.488905549026369,0.1,"(-500, 500)",2.0
42,simple_exponential_cooling,0.2,4.810021050771078,-1783.4333949873942,not_clipping,5.0,100.0,10000.0,270.0,-1521.8214600073009,<function rana_func at 0x0000020494B001F0>,Cholesky,"[-1478.18665603 -1663.07002201 -1393.7567006  -1361.46293627
 -1476.72114425 -1458.3169626  -1442.81564624 -1565.33765223
 -1501.65187895 -1300.27933621 -1562.22030265 -1475.0759162
 -1582.05617476 -1442.31982957 -1484.38601786 -1610.39354402
 -1611.07676592 -1598.40200765 -1671.69364354 -1691.52407511
 -1435.68037625 -1783.43339499 -1451.72632538 -1599.40419194
 -1504.24841315 -1510.39382187 -1397.45388396 -1387.35062899
 -1483.70800937 -1730.49754166]",112.77496814365438,0.01,"(-500, 500)",5.0
43,simple_exponential_cooling,0.2,3.896572558085124,-1889.3695833663942,not_clipping,5.0,100.0,10000.0,270.0,-1525.5383499937273,<function rana_func at 0x0000020494B001F0>,Diagonal,"[-1411.08047913 -1417.74445299 -1480.10925051 -1730.86733146
 -1493.88059334 -1286.7657488  -1769.97306888 -1603.79877698
 -1666.95074342 -1226.55848717 -1661.00649111 -1562.21139187
 -1715.90415908 -1614.78059037 -1767.96028214 -1889.36958337
 -1277.77765563 -1534.53817694 -1185.05426586 -1271.94051351
 -1795.33589299 -1448.88101147 -1299.24838347 -1670.45497597
 -1500.16510237 -1423.2448638  -1401.76051955 -1540.23589784
 -1500.39801931 -1618.15379048]",181.2637492894815,0.1,"(-500, 500)",5.0
44,simple_exponential_cooling,0.2,3.5871736208597818,-498.9234366433541,not_clipping,5.0,100.0,10000.0,270.0,-492.83346163676254,<function rana_func at 0x0000020494B001F0>,simple,"[-489.86197521 -495.74305933 -486.48151201 -491.86858694 -490.54625359
 -498.22486293 -497.24077649 -491.73483525 -498.92343664 -489.93060801
 -489.64721202 -491.36602892 -496.12945711 -489.09322687 -498.73425613
 -490.08166468 -494.01951273 -496.90575853 -491.57201736 -489.91418902
 -482.05565487 -498.60455378 -494.4079964  -486.1034383  -490.6520373
 -493.26168786 -497.92152455 -498.10857651 -492.52012657 -493.3490232 ]",4.175053607591422,0.1,"(-500, 500)",2.0
45,simple_exponential_cooling,0.2,5.362009374300639,-1708.1039635969187,not_clipping,5.0,100.0,10000.0,403.0,-1465.9282035527385,<function rana_func at 0x0000020494B001F0>,Cholesky,"[-1297.3782304  -1708.1039636  -1635.78117022 -1690.60473894
 -1586.00889945 -1520.15472063 -1327.41077783 -1535.09793048
 -1436.74172127 -1439.08856767 -1394.55033451 -1488.14349905
 -1496.56485162 -1481.92998102 -1504.81304786 -1682.93022565
 -1470.91765098 -1303.6848114  -1357.05297652 -1369.8661625
 -1536.97122053 -1334.14475879 -1341.26666561 -1511.74056035
 -1419.01840545 -1374.41305968 -1545.5446918  -1262.91260788
 -1485.50103857 -1439.50883633]",117.09964978367026,0.01,"(-500, 500)",5.0
46,simple_exponential_cooling,0.2,4.331386359532674,-1865.9621470744833,not_clipping,5.0,100.0,10000.0,403.0,-1533.7407029898845,<function rana_func at 0x0000020494B001F0>,Diagonal,"[-1641.18669686 -1544.7394494  -1319.83252597 -1588.18386777
 -1450.37628125 -1471.98773638 -1305.43016329 -1736.96721019
 -1666.95074342 -1179.19201971 -1438.99570904 -1362.22942569
 -1563.77497943 -1328.31141778 -1865.96214707 -1658.37429853
 -1641.47984109 -1741.54450208 -1208.79344616 -1651.7323656
 -1635.73103274 -1571.05254191 -1564.25277656 -1750.31265601
 -1611.79570134 -1455.51176015 -1301.61223733 -1799.8693122
 -1429.46332411 -1526.57492066]",172.93577425115174,0.1,"(-500, 500)",5.0
47,simple_exponential_cooling,0.2,4.181999786694845,-497.2905003763934,not_clipping,5.0,100.0,10000.0,403.0,-490.79000214095294,<function rana_func at 0x0000020494B001F0>,simple,"[-483.19906823 -491.22580046 -481.61815524 -489.1356552  -489.97542425
 -496.14489039 -484.86373513 -488.21754881 -493.32165023 -497.29050038
 -496.09493366 -492.32055789 -497.16356591 -487.88116287 -492.35072139
 -496.82370794 -491.1423891  -493.05313846 -487.61738147 -495.4881673
 -491.97130236 -490.65566571 -481.61648304 -488.03543789 -491.32499163
 -494.20279302 -489.78594119 -483.38714763 -490.55713141 -497.23501604]",4.555945215874396,0.1,"(-500, 500)",2.0
48,simple_exponential_cooling,0.2,5.757588338851929,-1771.0736851550407,not_clipping,5.0,100.0,10000.0,602.0,-1456.017824060609,<function rana_func at 0x0000020494B001F0>,Cholesky,"[-1505.6039822  -1401.36184204 -1511.04264468 -1391.12903098
 -1431.59124501 -1430.02514708 -1415.70251181 -1529.98197944
 -1594.9397984  -1495.51361157 -1337.42428828 -1469.32555898
 -1411.07156514 -1531.35465467 -1771.07368516 -1421.58815098
 -1508.03375154 -1415.56893864 -1357.05297652 -1369.8661625
 -1378.51534271 -1514.03165545 -1401.80380802 -1361.68966141
 -1552.21806847 -1605.70170028 -1329.55974958 -1539.60507593
 -1380.70604432 -1317.45209003]",97.73646100862548,0.01,"(-500, 500)",5.0
49,simple_exponential_cooling,0.2,4.042681050300598,-1866.7072430270753,not_clipping,5.0,100.0,10000.0,602.0,-1526.2935402001442,<function rana_func at 0x0000020494B001F0>,Diagonal,"[-1304.54724971 -1111.18440479 -1589.45526404 -1690.62169549
 -1450.48647793 -1559.86318794 -1219.57735822 -1527.8445828
 -1808.60819927 -1342.03561925 -1227.75176289 -1606.36415275
 -1577.36363967 -1578.02293689 -1371.81368928 -1657.8715956
 -1866.70724303 -1722.5913237  -1304.44762382 -1663.32270365
 -1630.80270041 -1517.66082891 -1845.0405365  -1512.47501682
 -1520.2152537  -1803.45062552 -1417.4831456  -1477.39047242
 -1271.72972136 -1612.07719404]",192.1390927929317,0.1,"(-500, 500)",5.0
50,simple_exponential_cooling,0.2,4.463528474171956,-499.2209148039586,not_clipping,5.0,100.0,10000.0,602.0,-491.84995020830326,<function rana_func at 0x0000020494B001F0>,simple,"[-484.82805147 -499.01473401 -498.31961874 -484.5346216  -492.62129789
 -494.85986505 -492.4753583  -491.43218855 -491.07522448 -493.47536987
 -499.2209148  -496.12320944 -489.97294939 -491.58341135 -491.02425959
 -495.75150052 -480.82528276 -495.67040603 -498.54891987 -487.65061051
 -489.06683559 -495.08652972 -492.40004386 -493.58116384 -494.18439704
 -489.58568483 -486.48103126 -485.77051234 -493.75181276 -486.58270078]",4.580601264584098,0.1,"(-500, 500)",2.0
51,simple_exponential_cooling,0.2,5.913469632466634,-1607.4648150036173,not_clipping,5.0,100.0,10000.0,898.0,-1409.0293218600486,<function rana_func at 0x0000020494B001F0>,Cholesky,"[-1225.85334713 -1449.68443905 -1605.45870646 -1607.464815
 -1397.47933104 -1303.24352066 -1367.81905246 -1319.30634986
 -1342.10108644 -1561.43254222 -1268.14753066 -1566.41148647
 -1486.43748912 -1531.35465467 -1546.58873617 -1432.99639237
 -1336.54644715 -1237.14204161 -1412.17364849 -1494.93750776
 -1346.41602524 -1318.37416014 -1287.99139346 -1450.29797787
 -1392.68528566 -1390.88061905 -1447.13519593 -1444.02457263
 -1258.37345953 -1442.12184148]",107.2010796657181,0.01,"(-500, 500)",5.0
52,simple_exponential_cooling,0.2,4.215077273050944,-1852.1323820401703,not_clipping,5.0,100.0,10000.0,898.0,-1579.4988489836219,<function rana_func at 0x0000020494B001F0>,Diagonal,"[-1654.06516823 -1297.79667463 -1542.95342869 -1580.17086123
 -1523.06858345 -1407.71480015 -1453.57947703 -1678.60437387
 -1848.34673053 -1852.13238204 -1343.20213898 -1618.3324567
 -1484.60230617 -1839.62095875 -1549.66089973 -1641.49857811
 -1505.0706271  -1620.84302352 -1620.35815656 -1834.45717578
 -1528.53272441 -1448.88101147 -1394.1896897  -1759.55031159
 -1596.63146649 -1372.16220633 -1659.18274998 -1774.60801917
 -1456.72390973 -1498.42457943]",152.7158691892019,0.1,"(-500, 500)",5.0
53,simple_exponential_cooling,0.2,4.506009093920389,-500.11992894774306,not_clipping,5.0,100.0,10000.0,898.0,-489.1770172305629,<function rana_func at 0x0000020494B001F0>,simple,"[-488.03399128 -490.89662399 -487.42137351 -494.15674492 -479.85108932
 -481.49065103 -500.11992895 -488.25080498 -486.10459148 -487.38065573
 -486.38338225 -488.43366022 -490.48739701 -485.87043837 -495.78721327
 -487.19379468 -492.04652194 -486.02795601 -489.20462495 -481.74585404
 -478.94278363 -493.50551097 -485.33504848 -495.12965667 -496.90297231
 -491.15851037 -490.58984738 -497.75522657 -491.50280712 -487.60085548]",5.080156356567425,0.1,"(-500, 500)",2.0
54,simple_exponential_cooling,0.2,6.136623827616374,-1705.6994914277684,not_clipping,5.0,100.0,10000.0,1340.0,-1445.799715146924,<function rana_func at 0x0000020494B001F0>,Cholesky,"[-1339.44277793 -1391.60232985 -1365.24448942 -1391.12903098
 -1291.96623903 -1492.53051165 -1441.59965871 -1595.28721459
 -1578.72691548 -1497.47758172 -1293.55301046 -1247.26232063
 -1681.22440949 -1531.35465467 -1434.38974052 -1400.67305123
 -1439.07304624 -1705.69949143 -1408.77762582 -1369.8661625
 -1399.49222756 -1428.36974185 -1316.75640652 -1272.39584518
 -1441.15822623 -1507.54433884 -1434.64425752 -1518.60280034
 -1621.08098449 -1537.06636353]",114.30923321573299,0.01,"(-500, 500)",5.0
55,simple_exponential_cooling,0.2,4.13138256072998,-1875.957785442086,not_clipping,5.0,100.0,10000.0,1340.0,-1613.0513998824215,<function rana_func at 0x0000020494B001F0>,Diagonal,"[-1768.73867535 -1511.41900101 -1677.11801771 -1813.61116938
 -1728.82897851 -1424.39331731 -1558.63306363 -1609.338398
 -1738.02806449 -1518.57999674 -1545.88368451 -1684.3640661
 -1519.74969103 -1583.44783529 -1532.69320675 -1823.80378298
 -1875.95778544 -1494.48290337 -1536.23094292 -1536.03811545
 -1629.84399302 -1448.88101147 -1663.40087206 -1498.78907241
 -1678.30436674 -1705.79392396 -1806.51989721 -1536.01620676
 -1500.86697255 -1441.78498434]",124.02165957097537,0.1,"(-500, 500)",5.0
56,simple_exponential_cooling,0.2,4.471762228012085,-498.2664236761622,not_clipping,5.0,100.0,10000.0,1340.0,-490.21025990693823,<function rana_func at 0x0000020494B001F0>,simple,"[-490.64324502 -484.23247989 -488.33381236 -495.24764792 -490.65865333
 -498.26642368 -493.11050217 -493.42513779 -477.75901241 -480.33237505
 -491.83689001 -492.24690003 -490.0635746  -494.26380259 -490.40602792
 -487.24081303 -475.69182505 -493.60923249 -487.04758598 -497.32372231
 -493.00382899 -493.10541784 -497.41071451 -488.38998119 -489.14760851
 -491.15851037 -492.74163902 -487.98852735 -489.32626763 -492.2956382 ]",5.183841503543398,0.1,"(-500, 500)",2.0
57,simple_exponential_cooling,0.2,6.046854058901469,-1609.5666623060392,not_clipping,5.0,100.0,10000.0,2000.0,-1421.1127599948225,<function rana_func at 0x0000020494B001F0>,Cholesky,"[-1480.49396067 -1301.90679488 -1391.37356788 -1477.2996364
 -1355.20849048 -1488.56070585 -1368.44954022 -1356.85968705
 -1408.97479564 -1505.30656398 -1291.46891666 -1350.81571139
 -1461.89956875 -1531.35465467 -1256.13531359 -1347.65929384
 -1551.16231413 -1445.75365473 -1514.1834184  -1369.8661625
 -1414.95410079 -1347.56533269 -1463.75342877 -1432.37908665
 -1562.67960959 -1305.09375084 -1554.34570715 -1287.42348269
 -1400.88888665 -1609.56666231]",92.05741228687822,0.01,"(-500, 500)",5.0
58,simple_exponential_cooling,0.2,4.085239140192668,-1841.0031910776167,not_clipping,5.0,100.0,10000.0,2000.0,-1586.7596166639407,<function rana_func at 0x0000020494B001F0>,Diagonal,"[-1476.04596098 -1474.75171188 -1753.5800192  -1521.02355861
 -1654.9006525  -1543.86505349 -1478.41554863 -1577.91606736
 -1807.24751787 -1705.11778675 -1536.21013312 -1583.55315116
 -1749.04456791 -1731.61829095 -1584.79519699 -1633.99508288
 -1807.45900443 -1494.48290337 -1589.34580473 -1841.00319108
 -1569.40621369 -1448.88101147 -1481.56867664 -1594.42388339
 -1590.94844028 -1302.22386621 -1651.69381372 -1377.00463214
 -1490.28829605 -1551.97846245]",126.75584794019825,0.1,"(-500, 500)",5.0
59,simple_exponential_cooling,0.2,4.450348854064941,-498.150688124078,not_clipping,5.0,100.0,10000.0,2000.0,-491.20008027678034,<function rana_func at 0x0000020494B001F0>,simple,"[-484.54930199 -496.0802853  -493.80620799 -481.70309274 -492.01125506
 -492.76812231 -490.28995435 -497.63872937 -490.20915395 -490.44130542
 -488.47335166 -488.43366022 -485.03585731 -496.253253   -483.18014438
 -492.4915334  -493.32987878 -487.53282059 -491.00193329 -497.32372231
 -495.62322891 -489.46310015 -496.55730841 -498.15068812 -491.91051212
 -491.15851037 -483.46094933 -497.2691782  -483.9921305  -495.86323878]",4.770219582858214,0.1,"(-500, 500)",2.0
